-- ============================================================
-- gym-routine 시드 데이터
-- ============================================================
-- mockData.ts 의 프로토타입 콘텐츠를 실제 테이블 행으로 옮긴 것.
-- 마이그레이션(0001, 0002, 0003)을 먼저 적용한 뒤 이 파일을 통째로
-- Supabase SQL Editor에 붙여넣어 실행하세요. 고정 UUID를 쓰므로 재실행해도
-- 안전하게 덮어씀(upsert).
-- ============================================================

-- ── 선수/크리에이터 ──
insert into public.athletes (id, name) values
  ('a0000000-0000-0000-0000-000000000001', 'Chris Bumstead'),
  ('a0000000-0000-0000-0000-000000000002', 'Larry Wheels'),
  ('a0000000-0000-0000-0000-000000000003', 'Jeff Nippard')
on conflict (id) do update set name = excluded.name;

-- ── 영상 (루틴 1:1) ──
insert into public.videos (id, youtube_id, athlete_id, title, duration_seconds) values
  ('b0000000-0000-0000-0000-000000000001', 'gymroutine-push-day',     'a0000000-0000-0000-0000-000000000001', '푸시 데이 — 상체 볼륨',     3720),
  ('b0000000-0000-0000-0000-000000000002', 'gymroutine-bench-focus',  'a0000000-0000-0000-0000-000000000002', '벤치 특화 — 대흉근 하부',   2880),
  ('b0000000-0000-0000-0000-000000000003', 'gymroutine-pull-day',     'a0000000-0000-0000-0000-000000000001', '풀 데이 — 등 두께',         4080),
  ('b0000000-0000-0000-0000-000000000004', 'gymroutine-shoulder-3d',  'a0000000-0000-0000-0000-000000000003', '숄더 3D',                   3120),
  ('b0000000-0000-0000-0000-000000000005', 'gymroutine-leg-day',      'a0000000-0000-0000-0000-000000000002', '레그 데이 — 대퇴사두',       3300),
  ('b0000000-0000-0000-0000-000000000006', 'gymroutine-arm-focus',    'a0000000-0000-0000-0000-000000000003', '팔 집중 — 이두·삼두',       2700),
  ('b0000000-0000-0000-0000-000000000007', 'gymroutine-core-circuit', 'a0000000-0000-0000-0000-000000000001', '코어 & 복근 서킷',           1800)
on conflict (id) do update set
  youtube_id = excluded.youtube_id, athlete_id = excluded.athlete_id,
  title = excluded.title, duration_seconds = excluded.duration_seconds;

-- ── 루틴 ──
insert into public.routines (id, video_id, title, body_part, split_type, status, is_featured) values
  ('c0000000-0000-0000-0000-000000000001', 'b0000000-0000-0000-0000-000000000001', '푸시 데이 — 상체 볼륨',   'chest',     'push',      'published', true),
  ('c0000000-0000-0000-0000-000000000002', 'b0000000-0000-0000-0000-000000000002', '벤치 특화 — 대흉근 하부', 'chest',     'push',      'published', false),
  ('c0000000-0000-0000-0000-000000000003', 'b0000000-0000-0000-0000-000000000003', '풀 데이 — 등 두께',       'back',      'pull',      'published', true),
  ('c0000000-0000-0000-0000-000000000004', 'b0000000-0000-0000-0000-000000000004', '숄더 3D',                 'shoulders', 'push',      'published', false),
  ('c0000000-0000-0000-0000-000000000005', 'b0000000-0000-0000-0000-000000000005', '레그 데이 — 대퇴사두',     'legs',      'legs',      'published', true),
  ('c0000000-0000-0000-0000-000000000006', 'b0000000-0000-0000-0000-000000000006', '팔 집중 — 이두·삼두',     'arms',      'full_body', 'published', false),
  ('c0000000-0000-0000-0000-000000000007', 'b0000000-0000-0000-0000-000000000007', '코어 & 복근 서킷',        'core',      'full_body', 'published', false)
on conflict (id) do update set
  video_id = excluded.video_id, title = excluded.title, body_part = excluded.body_part,
  split_type = excluded.split_type, status = excluded.status, is_featured = excluded.is_featured;

-- ── 종목 마스터 사전 ──
insert into public.exercises (id, name_ko, body_part, equipment) values
  ('e0000000-0000-0000-0000-000000000001', '인클라인 바벨 벤치프레스',   'chest',     '바벨'),
  ('e0000000-0000-0000-0000-000000000002', '플랫 덤벨 프레스',           'chest',     '덤벨'),
  ('e0000000-0000-0000-0000-000000000003', '시티드 숄더 프레스',         'shoulders', '머신'),
  ('e0000000-0000-0000-0000-000000000004', '인클라인 덤벨 플라이',       'chest',     '덤벨'),
  ('e0000000-0000-0000-0000-000000000005', '레터럴 레이즈',              'shoulders', '덤벨'),
  ('e0000000-0000-0000-0000-000000000006', '케이블 크로스오버',          'chest',     '케이블'),
  ('e0000000-0000-0000-0000-000000000007', '오버헤드 트라이셉 익스텐션', 'arms',      '케이블'),
  ('e0000000-0000-0000-0000-000000000008', '트라이셉 푸시다운',          'arms',      '케이블'),
  ('e0000000-0000-0000-0000-000000000009', '플랫 바벨 벤치프레스',       'chest',     '바벨'),
  ('e0000000-0000-0000-0000-00000000000a', '펙덱 플라이',                'chest',     '머신'),
  ('e0000000-0000-0000-0000-00000000000b', '클로즈그립 벤치프레스',      'chest',     '바벨'),
  ('e0000000-0000-0000-0000-00000000000c', '디클라인 케이블 플라이',     'chest',     '케이블'),
  ('e0000000-0000-0000-0000-00000000000d', '랫풀다운',                   'back',      '케이블'),
  ('e0000000-0000-0000-0000-00000000000e', '바벨 로우',                  'back',      '바벨'),
  ('e0000000-0000-0000-0000-00000000000f', '시티드 케이블 로우',         'back',      '케이블'),
  ('e0000000-0000-0000-0000-000000000010', '원암 덤벨 로우',             'back',      '덤벨'),
  ('e0000000-0000-0000-0000-000000000011', '페이스 풀',                  'back',      '케이블'),
  ('e0000000-0000-0000-0000-000000000012', '풀업',                       'back',      '맨몸'),
  ('e0000000-0000-0000-0000-000000000013', '스트레이트암 풀다운',        'back',      '케이블'),
  ('e0000000-0000-0000-0000-000000000014', '백 익스텐션',                'back',      '머신'),
  ('e0000000-0000-0000-0000-000000000015', '데드리프트',                 'back',      '바벨'),
  ('e0000000-0000-0000-0000-000000000016', '프론트 레이즈',              'shoulders', '덤벨'),
  ('e0000000-0000-0000-0000-000000000017', '리어델트 플라이',            'shoulders', '덤벨'),
  ('e0000000-0000-0000-0000-000000000018', '업라이트 로우',              'shoulders', '바벨'),
  ('e0000000-0000-0000-0000-000000000019', '아놀드 프레스',              'shoulders', '덤벨'),
  ('e0000000-0000-0000-0000-00000000001a', '슈러그',                     'shoulders', '덤벨'),
  ('e0000000-0000-0000-0000-00000000001b', '스쿼트',                     'legs',      '바벨'),
  ('e0000000-0000-0000-0000-00000000001c', '레그 프레스',                'legs',      '머신'),
  ('e0000000-0000-0000-0000-00000000001d', '레그 익스텐션',              'legs',      '머신'),
  ('e0000000-0000-0000-0000-00000000001e', '런지',                       'legs',      '덤벨'),
  ('e0000000-0000-0000-0000-00000000001f', '레그 컬',                    'legs',      '머신'),
  ('e0000000-0000-0000-0000-000000000020', '힙 쓰러스트',                'legs',      '바벨'),
  ('e0000000-0000-0000-0000-000000000021', '카프 레이즈',                'legs',      '머신'),
  ('e0000000-0000-0000-0000-000000000022', '바벨 컬',                    'arms',      '바벨'),
  ('e0000000-0000-0000-0000-000000000023', '해머 컬',                    'arms',      '덤벨'),
  ('e0000000-0000-0000-0000-000000000024', '케이블 컬',                  'arms',      '케이블'),
  ('e0000000-0000-0000-0000-000000000025', '프리처 컬',                  'arms',      '머신'),
  ('e0000000-0000-0000-0000-000000000026', '딥스',                       'arms',      '맨몸'),
  ('e0000000-0000-0000-0000-000000000027', '클로즈그립 푸시업',          'arms',      '맨몸'),
  ('e0000000-0000-0000-0000-000000000028', '행잉 레그레이즈',            'core',      '맨몸'),
  ('e0000000-0000-0000-0000-000000000029', '케이블 크런치',              'core',      '케이블'),
  ('e0000000-0000-0000-0000-00000000002a', '플랭크',                     'core',      '맨몸'),
  ('e0000000-0000-0000-0000-00000000002b', '러시안 트위스트',            'core',      '덤벨'),
  ('e0000000-0000-0000-0000-00000000002c', '사이드 플랭크',              'core',      '맨몸'),
  ('e0000000-0000-0000-0000-00000000002d', '앱 롤아웃',                  'core',      '맨몸')
on conflict (id) do update set
  name_ko = excluded.name_ko, body_part = excluded.body_part, equipment = excluded.equipment;

-- ── 루틴 항목 (순서 + 타임스탬프) ──
delete from public.routine_items where routine_id in (
  'c0000000-0000-0000-0000-000000000001', 'c0000000-0000-0000-0000-000000000002',
  'c0000000-0000-0000-0000-000000000003', 'c0000000-0000-0000-0000-000000000004',
  'c0000000-0000-0000-0000-000000000005', 'c0000000-0000-0000-0000-000000000006',
  'c0000000-0000-0000-0000-000000000007'
);

insert into public.routine_items (routine_id, exercise_id, position, timestamp_seconds) values
  -- 푸시 데이 — 상체 볼륨 (8)
  ('c0000000-0000-0000-0000-000000000001', 'e0000000-0000-0000-0000-000000000001', 1, 192),
  ('c0000000-0000-0000-0000-000000000001', 'e0000000-0000-0000-0000-000000000002', 2, 465),
  ('c0000000-0000-0000-0000-000000000001', 'e0000000-0000-0000-0000-000000000003', 3, 740),
  ('c0000000-0000-0000-0000-000000000001', 'e0000000-0000-0000-0000-000000000004', 4, 1018),
  ('c0000000-0000-0000-0000-000000000001', 'e0000000-0000-0000-0000-000000000005', 5, 1290),
  ('c0000000-0000-0000-0000-000000000001', 'e0000000-0000-0000-0000-000000000006', 6, 1510),
  ('c0000000-0000-0000-0000-000000000001', 'e0000000-0000-0000-0000-000000000007', 7, 1784),
  ('c0000000-0000-0000-0000-000000000001', 'e0000000-0000-0000-0000-000000000008', 8, 1982),
  -- 벤치 특화 — 대흉근 하부 (6)
  ('c0000000-0000-0000-0000-000000000002', 'e0000000-0000-0000-0000-000000000009', 1, 150),
  ('c0000000-0000-0000-0000-000000000002', 'e0000000-0000-0000-0000-00000000000a', 2, 480),
  ('c0000000-0000-0000-0000-000000000002', 'e0000000-0000-0000-0000-00000000000b', 3, 820),
  ('c0000000-0000-0000-0000-000000000002', 'e0000000-0000-0000-0000-00000000000c', 4, 1150),
  ('c0000000-0000-0000-0000-000000000002', 'e0000000-0000-0000-0000-000000000004', 5, 1480),
  ('c0000000-0000-0000-0000-000000000002', 'e0000000-0000-0000-0000-000000000008', 6, 1800),
  -- 풀 데이 — 등 두께 (9)
  ('c0000000-0000-0000-0000-000000000003', 'e0000000-0000-0000-0000-00000000000d', 1, 180),
  ('c0000000-0000-0000-0000-000000000003', 'e0000000-0000-0000-0000-00000000000e', 2, 460),
  ('c0000000-0000-0000-0000-000000000003', 'e0000000-0000-0000-0000-00000000000f', 3, 760),
  ('c0000000-0000-0000-0000-000000000003', 'e0000000-0000-0000-0000-000000000010', 4, 1080),
  ('c0000000-0000-0000-0000-000000000003', 'e0000000-0000-0000-0000-000000000011', 5, 1400),
  ('c0000000-0000-0000-0000-000000000003', 'e0000000-0000-0000-0000-000000000012', 6, 1700),
  ('c0000000-0000-0000-0000-000000000003', 'e0000000-0000-0000-0000-000000000013', 7, 2000),
  ('c0000000-0000-0000-0000-000000000003', 'e0000000-0000-0000-0000-000000000014', 8, 2300),
  ('c0000000-0000-0000-0000-000000000003', 'e0000000-0000-0000-0000-000000000015', 9, 2600),
  -- 숄더 3D (7)
  ('c0000000-0000-0000-0000-000000000004', 'e0000000-0000-0000-0000-000000000003', 1, 160),
  ('c0000000-0000-0000-0000-000000000004', 'e0000000-0000-0000-0000-000000000005', 2, 420),
  ('c0000000-0000-0000-0000-000000000004', 'e0000000-0000-0000-0000-000000000016', 3, 700),
  ('c0000000-0000-0000-0000-000000000004', 'e0000000-0000-0000-0000-000000000017', 4, 980),
  ('c0000000-0000-0000-0000-000000000004', 'e0000000-0000-0000-0000-000000000018', 5, 1260),
  ('c0000000-0000-0000-0000-000000000004', 'e0000000-0000-0000-0000-000000000019', 6, 1540),
  ('c0000000-0000-0000-0000-000000000004', 'e0000000-0000-0000-0000-00000000001a', 7, 1820),
  -- 레그 데이 — 대퇴사두 (7)
  ('c0000000-0000-0000-0000-000000000005', 'e0000000-0000-0000-0000-00000000001b', 1, 200),
  ('c0000000-0000-0000-0000-000000000005', 'e0000000-0000-0000-0000-00000000001c', 2, 520),
  ('c0000000-0000-0000-0000-000000000005', 'e0000000-0000-0000-0000-00000000001d', 3, 840),
  ('c0000000-0000-0000-0000-000000000005', 'e0000000-0000-0000-0000-00000000001e', 4, 1160),
  ('c0000000-0000-0000-0000-000000000005', 'e0000000-0000-0000-0000-00000000001f', 5, 1480),
  ('c0000000-0000-0000-0000-000000000005', 'e0000000-0000-0000-0000-000000000020', 6, 1800),
  ('c0000000-0000-0000-0000-000000000005', 'e0000000-0000-0000-0000-000000000021', 7, 2120),
  -- 팔 집중 — 이두·삼두 (8)
  ('c0000000-0000-0000-0000-000000000006', 'e0000000-0000-0000-0000-000000000022', 1, 140),
  ('c0000000-0000-0000-0000-000000000006', 'e0000000-0000-0000-0000-000000000023', 2, 400),
  ('c0000000-0000-0000-0000-000000000006', 'e0000000-0000-0000-0000-000000000024', 3, 660),
  ('c0000000-0000-0000-0000-000000000006', 'e0000000-0000-0000-0000-000000000025', 4, 920),
  ('c0000000-0000-0000-0000-000000000006', 'e0000000-0000-0000-0000-000000000007', 5, 1180),
  ('c0000000-0000-0000-0000-000000000006', 'e0000000-0000-0000-0000-000000000008', 6, 1440),
  ('c0000000-0000-0000-0000-000000000006', 'e0000000-0000-0000-0000-000000000026', 7, 1700),
  ('c0000000-0000-0000-0000-000000000006', 'e0000000-0000-0000-0000-000000000027', 8, 1960),
  -- 코어 & 복근 서킷 (6)
  ('c0000000-0000-0000-0000-000000000007', 'e0000000-0000-0000-0000-000000000028', 1, 120),
  ('c0000000-0000-0000-0000-000000000007', 'e0000000-0000-0000-0000-000000000029', 2, 380),
  ('c0000000-0000-0000-0000-000000000007', 'e0000000-0000-0000-0000-00000000002a', 3, 640),
  ('c0000000-0000-0000-0000-000000000007', 'e0000000-0000-0000-0000-00000000002b', 4, 900),
  ('c0000000-0000-0000-0000-000000000007', 'e0000000-0000-0000-0000-00000000002c', 5, 1160),
  ('c0000000-0000-0000-0000-000000000007', 'e0000000-0000-0000-0000-00000000002d', 6, 1420);
